Najczęstsze zapytania,Kliknięcia,Wyświetlenia,CTR,Pozycja
object properties in php,2,87,2.3%,7.62
php optional parameters,1,349,0.29%,7.95
explain constructor and destructor in php,1,89,1.12%,8.02
php function parameters,1,51,1.96%,14.14
optional parameter php,1,40,2.5%,9.07
enums in php,1,21,4.76%,53.05
php function optional argument,1,14,7.14%,8.43
php match case,1,3,33.33%,10
php enum example,1,1,100%,36
php match,0,555,0%,11.15
constructor and destructor in php,0,425,0%,8.79
php optional parameter,0,274,0%,8.75
php manual match expression introduced php 8.0,0,255,0%,9.03
php manual object operator -> properties methods,0,232,0%,7.25
php for loop syntax manual,0,212,0%,9.09
php function optional parameter,0,201,0%,8.05
csrf token,0,199,0%,50.84
php manual for loop syntax,0,169,0%,9.87
what is constructor and destructor in php,0,157,0%,8.72
i in solid,0,156,0%,5.94
php constructor,0,149,0%,22.78
php do while,0,140,0%,32.66
match php,0,135,0%,11.85
php class constructor optional parameters,0,130,0%,20.32
php class constructor,0,129,0%,21.73
php extra arguments user-defined function allowed php 8,0,122,0%,8.92
php destructor,0,117,0%,10.02
difference between constructor and destructor in php,0,115,0%,7.38
php manual for loop syntax official,0,114,0%,9.25
php enum,0,112,0%,49.07
php string concatenation operator official manual,0,111,0%,10.8
database disaster recovery,0,100,0%,64.87
do while php,0,97,0%,32.62
php manual match expression introduced php 8,0,95,0%,7.87
php class constructor public or private,0,93,0%,15.23
php for loop,0,92,0%,23.99
php class constructor overloading,0,90,0%,19.57
php match expression manual,0,86,0%,8.2
php manual object operator -> property method,0,83,0%,8.9
php class example with constructor,0,83,0%,21.89
csrf tokens,0,80,0%,45.98
php variable scope foreach,0,79,0%,14.59
php match expression introduced in php 8 manual,0,76,0%,8.71
what is csrf token,0,76,0%,46.37
php class constructor with parameters,0,73,0%,23.23
php match syntax,0,71,0%,9.75
encapsulation in php,0,68,0%,14.46
php class constructor return value,0,68,0%,15.71
php die,0,67,0%,18.72
php class constructor example,0,64,0%,23.72
php fscanf performance competitive programming slow,0,63,0%,9.1
"""const inf ="" php",0,63,0%,9.56
die in php,0,62,0%,12.52
php while loop,0,62,0%,44.89
php arrow functions capture by reference,0,61,0%,7.8
php match function,0,60,0%,9.6
types of constructor in php,0,58,0%,6.21
php optional arguments,0,58,0%,8.31
php optional,0,58,0%,10.07
php user-defined function extra arguments allowed manual,0,57,0%,9.26
php match expression uses strict comparison ===,0,57,0%,9.56
constructor php,0,57,0%,24.16
php for loop manual,0,56,0%,7.25
enum php,0,56,0%,51.79
how to properly pass optional parameters in php openssl_pkcs7_sign,0,55,0%,10.04
php function declaration syntax default function invalid,0,54,0%,8.07
constructor in php,0,54,0%,20.96
match in php,0,53,0%,16.7
exit php,0,53,0%,24.13
php class variable scope,0,52,0%,21.33
php manual complex curly syntax string interpolation,0,49,0%,9.82
construct php,0,49,0%,18.8
php manual match expression introduced in php 8.0,0,47,0%,9.83
php manual arrays ordered map,0,47,0%,10.04
php while,0,46,0%,35.33
array_walk vs array_map,0,45,0%,8.93
php string concatenation,0,45,0%,24.51
php function arguments,0,44,0%,17.18
for loop php,0,44,0%,24.09
php escape quotes,0,44,0%,27.43
php while do,0,43,0%,33.3
php constructor cannot return value manual,0,42,0%,11.12
php match expression introduced php 8 manual,0,41,0%,9.12
php class destructor,0,41,0%,9.68
php manual complex curly syntax array string interpolation,0,41,0%,10.07
php manual match expression official,0,41,0%,10.24
"""const inf"" php",0,40,0%,9.78
php __destruct end of script manual,0,40,0%,10.6
php refactoring,0,40,0%,30.88
do-while php,0,39,0%,34.26
do while loop in php,0,39,0%,47.26
getter and setter in php,0,38,0%,8.29
php optional argument,0,38,0%,8.76
php function syntax default function invalid php manual,0,38,0%,10.34
refactoring php code,0,38,0%,33.26
destructor in php,0,37,0%,7.49
php object operator -> method call manual,0,37,0%,8.84
php class inheritance parent constructor,0,37,0%,16.24
do while in php,0,37,0%,36.59
php object operator method call manual,0,36,0%,9.53
php optional function parameters,0,35,0%,7.37
php match true,0,35,0%,8.4
php match multiple values,0,35,0%,8.97
php foreach object public properties manual,0,35,0%,9.71
php variable scope try catch,0,35,0%,33.77
php array index,0,34,0%,23.79
php named parameters,0,34,0%,26.29
php enumerations,0,34,0%,48.68
php 8 extra arguments user-defined function allowed,0,33,0%,8.85
php manual static variables function scope initialized only once,0,33,0%,9.24
php parameters,0,33,0%,18.73
s in solid,0,32,0%,7.03
php manual static variables function scope initialized once,0,32,0%,9.41
php construct,0,32,0%,17.06
php variable type,0,32,0%,24.75
php array of arrays,0,32,0%,25.88
php match expression introduced php 8.0 manual,0,31,0%,9.42
php multiple constructors,0,31,0%,19.1
while loop php,0,31,0%,43.29
while loop in php,0,31,0%,46.35
php manual constructors and destructors parent::__construct inheritance,0,30,0%,8.9
php manual match expression,0,30,0%,9.2
php 8 fgets default length parameter optional,0,30,0%,9.67
php class properties,0,30,0%,17.6
do while loop php,0,30,0%,40.13
php array_column objects public properties manual,0,29,0%,7.41
optional php,0,29,0%,9.24
php variable type object,0,29,0%,17
php constructors,0,29,0%,19.38
php code quality,0,29,0%,24.14
php exit,0,29,0%,27.62
while do php,0,29,0%,31.03
php manual constructors and destructors inheritance parent::__construct,0,28,0%,8.79
php object operator -> method call documentation,0,28,0%,8.96
php intldateformatter pattern two single quotes literal apostrophe,0,28,0%,9.43
php default parameter,0,28,0%,12.14
php enum type,0,28,0%,46.75
php match expression documentation,0,27,0%,8.74
php destructor called at script shutdown manual,0,27,0%,10.11
php match statement,0,27,0%,10.33
php parameter,0,27,0%,17.44
php function parameter,0,27,0%,19.07
string concatenation php,0,27,0%,23.7
php do,0,27,0%,26.11
php variable scope javatpoint,0,27,0%,32.74
php exit stops script execution manual,0,26,0%,9.12
php named arguments,0,26,0%,27.31
php match expression introduced version php manual,0,25,0%,8.88
construct in php,0,25,0%,22.16
php konstruktor,0,25,0%,23
profiling tools,0,25,0%,39.28
php enums,0,25,0%,49.36
php double quoted strings object property interpolation manual,0,24,0%,8.58
php extra arguments to user-defined function allowed php 8,0,24,0%,9.96
php escape single quote,0,24,0%,26.96
php concat string,0,24,0%,27.12
php concatenate string,0,24,0%,27.12
speed up php,0,24,0%,27.71
programming career advice,0,24,0%,34.83
disaster recovery database,0,24,0%,62.58
database disaster recovery planning,0,24,0%,81.67
php tutorial for parents,0,23,0%,7.09
php foreach manual,0,23,0%,7.35
php optional param,0,23,0%,8.17
php function parameter optional,0,23,0%,9.17
"""const inf ="" ""php""",0,23,0%,9.22
php while loop return exits function manual,0,23,0%,10.09
what is constructor in php,0,23,0%,12.65
php legacy code moderniseren,0,23,0%,19.57
php do-while,0,23,0%,32.39
do-while loop php,0,23,0%,38.91
php variable scope in function,0,23,0%,41.91
database disaster recovery plan,0,23,0%,76.04
php extra arguments user-defined function allowed php 8 manual,0,22,0%,9.23
php variable types list,0,22,0%,20.68
while php,0,22,0%,39.59
php in xampp,0,22,0%,42.73
object methods in php,0,21,0%,8.05
php user-defined function extra arguments allowed documentation,0,21,0%,9.14
php match expression php manual,0,21,0%,9.38
php 8.2 match expression documentation,0,21,0%,9.86
php destruct,0,21,0%,10.05
php match expression,0,21,0%,10.19
php 8 extra arguments to user-defined function allowed,0,21,0%,10.48
php arguments,0,21,0%,18.57
parameter in php,0,21,0%,22.9
constructors in php,0,21,0%,24.05
for loop in php,0,21,0%,24.43
php code refactoring,0,21,0%,24.9
php string interpolation,0,21,0%,25.95
php concatenate strings,0,21,0%,26.67
constructor injection,0,21,0%,26.95
php declare array,0,21,0%,37.57
enumeration php,0,21,0%,53.38
optional arguments php,0,20,0%,9.05
php user-defined function extra arguments allowed php 8,0,20,0%,9.75
class php constructor,0,20,0%,20.65
php classes constructor,0,20,0%,23.05
php legacy code,0,20,0%,29.85
do while en php,0,20,0%,40.05
php do while loop,0,20,0%,41.2
php-enum,0,20,0%,50.75
php constructor and destructor,0,19,0%,6.89
php for loop syntax official manual,0,19,0%,7.84
"php static arrow function does not capture variables parent scope 
closure::bind",0,19,0%,8.84
destructor php,0,19,0%,11.37
php getters and setters,0,19,0%,12.11
php constructor class,0,19,0%,23.37
php website maintenance,0,19,0%,23.58
php array in array,0,19,0%,24.32
php foreach,0,19,0%,27.16
php for xampp,0,19,0%,39.74
php speed optimization,0,19,0%,52.84
csrftoken,0,19,0%,61.47
php 8 array memory overhead per element,0,18,0%,6.22
php function with optional parameters,0,18,0%,6.56
php __dir__ magic constant manual,0,18,0%,8
php match default,0,18,0%,9.89
class constructor php,0,18,0%,22.11
php array of array,0,18,0%,22.5
php user-defined function extra arguments allowed,0,17,0%,8.29
php static closure,0,17,0%,9.65
php match expression introduced in php 8.0 manual,0,17,0%,9.88
php string concatenation operator dot manual,0,17,0%,10.24
php constructor return value ignored manual,0,17,0%,11
php class extends,0,17,0%,18.24
php concatenate,0,17,0%,19.24
foreach loop in php,0,17,0%,26.53
php maintenance,0,17,0%,27.94
xampp php,0,17,0%,39.59
speed up php website,0,17,0%,45.06
php while statement,0,17,0%,46.18
php user-defined function extra arguments ignored documentation,0,16,0%,9.62
php match expression introduced php 8.0 documentation,0,16,0%,10
what is encapsulation in php,0,16,0%,10.88
php matches,0,16,0%,15.62
die php,0,16,0%,19.38
php foreach loop,0,16,0%,24.88
concatenate string php,0,16,0%,25.62
php iterate array,0,16,0%,32.31
php xampp,0,16,0%,41.44
php manual return statement global scope,0,15,0%,9.13
php manual array ordered map,0,15,0%,9.53
php manual for loop official,0,15,0%,9.73
php static variable global scope allowed,0,15,0%,9.73
php user-defined function extra arguments ignored manual,0,15,0%,9.87
php user-defined function extra arguments ignored,0,15,0%,10
php function default value,0,15,0%,12.4
default arguments in php,0,15,0%,12.8
php properties,0,15,0%,16.27
php array declaration,0,15,0%,19.93
string concatenation in php,0,15,0%,24.53
laravel dependency injection,0,15,0%,27.53
php application performance,0,15,0%,40.4
enums php,0,15,0%,51.47
enum in php,0,15,0%,54.53
php anonymous function static variable per closure instance,0,14,0%,8.86
construct and destruct in php,0,14,0%,9.07
php array_walk vs array_map,0,14,0%,9.07
"""const inf"" ""php""",0,14,0%,9.21
php 8 match expression manual,0,14,0%,9.93
php function parameter default value,0,14,0%,10.93
php object constructor,0,14,0%,12.64
php class property,0,14,0%,18.86
php string concat,0,14,0%,21.86
constructor php class,0,14,0%,23.29
php multidimensional associative array,0,14,0%,26.07
escape quotes php,0,14,0%,28.93
do-while loop in php,0,14,0%,41.5
php while syntax,0,14,0%,47.64
database recovery plan,0,14,0%,81.93
php match example,0,13,0%,9.31
php object properties,0,13,0%,9.46
php manual constructors and destructors parent::__construct,0,13,0%,9.54
php foreach manual official,0,13,0%,11.31
array of arrays php,0,13,0%,25.08
concat string php,0,13,0%,29.31
php variable scope,0,13,0%,30.15
php loop while,0,13,0%,39.23
php enumeration,0,13,0%,53.77
php double quoted strings object property interpolation curly braces manual,0,12,0%,8.33
php optional parameter function,0,12,0%,8.42
constructor in php with example,0,12,0%,8.67
php array_map vs array_walk,0,12,0%,8.67
php extra arguments user-defined functions allowed php 8,0,12,0%,9.58
php user-defined function extra arguments allowed php 8 manual,0,12,0%,9.67
php extra arguments user-defined function allowed,0,12,0%,9.83
php match expression manual php 8,0,12,0%,10.33
php anonymous functions inherit variables from parent scope use manual,0,12,0%,10.92
php encapsulation,0,12,0%,14.67
php function with parameters,0,12,0%,16.5
php concat,0,12,0%,18.83
index array php,0,12,0%,19.83
parameters in php,0,12,0%,21.67
indexed array in php,0,12,0%,23.92
database disaster recovery best practices,0,12,0%,80
constructors and destructors in php,0,11,0%,6.55
php user-defined functions extra arguments allowed manual,0,11,0%,7.64
php competitive programming fast input fscanf slow,0,11,0%,8.27
php manual match expression introduced in php 8,0,11,0%,8.36
php manual match expression php 8,0,11,0%,9.64
php foreach ordinary object public properties manual,0,11,0%,10.45
php single quotes variable interpolation manual,0,11,0%,10.91
"php manual function declaration syntax function keyword default function 
invalid",0,11,0%,11.27
php class extends example,0,11,0%,12.55
php override constructor,0,11,0%,14.73
php getter setter,0,11,0%,16.09
php class inheritance constructor,0,11,0%,20.09
symfony services,0,11,0%,20.91
parameter php,0,11,0%,22
php property,0,11,0%,25
iterate array php,0,11,0%,30
php quotes,0,11,0%,33.45
php type,0,11,0%,54.82
enumeration in php,0,11,0%,56.45
hadoop disaster recovery,0,11,0%,69.27
getters and setters php,0,10,0%,6.1
php array_column objects public properties documentation,0,10,0%,8.5
php return match,0,10,0%,8.6
encapsulation php,0,10,0%,8.8
maintenance code php,0,10,0%,9.4
php string interpolation object property double quotes manual,0,10,0%,9.5
php manual array type ordered map,0,10,0%,9.7
php getters and setters example private properties,0,10,0%,9.9
php match expression introduced in php 8.0 documentation,0,10,0%,10
php die(),0,10,0%,10.2
php string concatenation dot operator manual,0,10,0%,10.9
php static variable in global scope allowed,0,10,0%,11.5
php constructor optional parameters,0,10,0%,13.7
php exit script,0,10,0%,13.9
php function parameter type,0,10,0%,15.1
php exit vs die,0,10,0%,17.8
function parameters php,0,10,0%,18.4
php string append,0,10,0%,20
php public variable,0,10,0%,20.2
php class inheritance override function,0,10,0%,21.1
php index array,0,10,0%,22.4
string concat php,0,10,0%,22.7
php escape double quotes,0,10,0%,23.6
concatenate php,0,10,0%,24.1
concatenation php,0,10,0%,24.8
"example usage scenarios for php classes with product attributes? 
-filetype:txt -filetype:pdf -filetype:epub -filetype:doc -filetype:docx 
-filetype:xls -filetype:xlsx -filetype:ppt -filetype:csv -site:youtube.com 
-site:tiktok.com -site:instagram.com -site:ebay.com -site:jd.com 
-site:amazon.com -site:iqiyi.com -site:bilibili.com -site:t.me 
-site:douyin.com -site:douban.com -site:apple.com -site:reddit.com 
-site:researchgate.net -site:academia.edu -site:dokumen.pub 
-site:en.wikipedia.org -site:quora.com -site:sciencedirect.com 
-site:cambridge.org -site:mdpi.com -site:link.springer.com 
-site:zhuanlan.zhihu.com -site:journals.sagepub.com -site:imdb.com 
-site:tandfonline.com -site:onlinelibrary.wiley.com -site:brill.com 
-site:getyourguide.com -site:academic.oup.com -site:www.emerald.com 
-site:eresources.nlb.gov.sg -site:www.govinfo.gov",0,10,0%,26.4
php double,0,10,0%,29.1
php iterate over array,0,10,0%,29.6
php array iterate,0,10,0%,31.9
php quote,0,10,0%,37.5
token csrf,0,10,0%,55.8
what is a csrf token,0,10,0%,68
php foreach syntax official manual,0,9,0%,8.11
"""$obj->classname::method"" php",0,9,0%,8.78
constructor and destructor in php with example,0,9,0%,9.89
php 8.2 backed enum case values constant scalar expression,0,9,0%,11.33
php constructor inheritance parent::__construct manual,0,9,0%,11.33
public private protected php,0,9,0%,14.67
php variable scope if statement,0,9,0%,16.33
php append string,0,9,0%,20.67
index array in php,0,9,0%,20.78
concatenation in php,0,9,0%,24.44
function arguments php,0,9,0%,25
php class extends properties,0,9,0%,25.22
foreach php,0,9,0%,26.44
php variable in string single quote,0,9,0%,39.33
explain while loop in php,0,9,0%,39.78
arrays in php,0,9,0%,41.44
while in php,0,9,0%,41.44
php performance tips,0,9,0%,50.78
csrf-token,0,9,0%,57.44
php development tools,0,9,0%,59.44
php __construct return value ignored,0,8,0%,8
optional parameters php,0,8,0%,8.12
php exception constructor previous parameter manual,0,8,0%,8.25
php manual object operator -> property method access,0,8,0%,8.75
php tutorial for single parents,0,8,0%,8.75
php 8 extra arguments user-defined functions allowed,0,8,0%,9.5
php extra arguments to user-defined function ignored php 8,0,8,0%,9.5
php match expression introduced 8.0 manual,0,8,0%,9.75
php extra arguments user-defined functions ignored manual,0,8,0%,10.38
php manual match expression php 8.0,0,8,0%,10.38
fscanf slow php competitive programming,0,8,0%,10.62
php manual destructors __destruct object destroyed script ends,0,8,0%,11.12
php class extends parent constructor,0,8,0%,11.25
php __construct,0,8,0%,15.88
php class constructors,0,8,0%,18
php concatenation,0,8,0%,18.62
php constructor overloading,0,8,0%,19.62
php add to string,0,8,0%,20.75
php concat strings,0,8,0%,21.25
function parameters in php,0,8,0%,22.75
foreach in php,0,8,0%,24
declare array php,0,8,0%,25.38
php array iteration,0,8,0%,26.75
matching php,0,8,0%,28.75
xampp for php,0,8,0%,31.75
while loops php,0,8,0%,43.38
php and xampp,0,8,0%,45
php performance optimization,0,8,0%,49.5
disaster recovery in database,0,8,0%,51.62
db disaster recovery,0,8,0%,53.12
csrf security token,0,8,0%,64.12
s in solid principles,0,7,0%,7.14
define constructor and destructor in php,0,7,0%,7.29
php die outputs message manual,0,7,0%,7.86
php extra arguments user-defined functions allowed php 8 manual,0,7,0%,8.57
php 8 user-defined function extra arguments ignored,0,7,0%,8.86
php function default parameter value,0,7,0%,9
php __destruct script shutdown manual,0,7,0%,9.71
php for loop syntax documentation,0,7,0%,9.71
php match expression introduced version manual,0,7,0%,10.29
php 8 user-defined function extra arguments allowed,0,7,0%,11
php array_walk vs foreach,0,7,0%,11.14
php escape double quote,0,7,0%,14.14
php end script,0,7,0%,14.29
php append to string,0,7,0%,15.57
destruct php,0,7,0%,16.14
php get set,0,7,0%,17.57
symfony service,0,7,0%,18
with what programming concept are properties and methods associated,0,7,0%,18.43
matches php,0,7,0%,18.71
php oop constructor,0,7,0%,18.86
property php,0,7,0%,19.71
php escape quote,0,7,0%,19.86
for php,0,7,0%,21.29
string concat in php,0,7,0%,21.43
clean architecture php,0,7,0%,21.71
php parent constructor,0,7,0%,22.43
php objects,0,7,0%,22.57
for php loop,0,7,0%,23.71
php die vs exit,0,7,0%,24.43
php typed properties,0,7,0%,24.43
programming focus,0,7,0%,24.71
php concatenation string,0,7,0%,25.57
concatenate in php,0,7,0%,27
php for loops,0,7,0%,27.29
append string in php,0,7,0%,29
dependency injection laravel,0,7,0%,29
concatenate strings in php,0,7,0%,31
php variable scope inside function,0,7,0%,34.71
xampp and php,0,7,0%,47.14
php while loops,0,7,0%,48.14
php legacy,0,7,0%,49.71
php define function,0,7,0%,52.71
polymorphism in php,0,6,0%,7.33
php class getter,0,6,0%,8
php 8.1 static arrow function does not capture variables parent scope,0,6,0%,8.33
php manual classes properties methods official,0,6,0%,8.33
php user-defined function extra arguments accepted php 8,0,6,0%,9.17
php match expression introduced in php 8 official manual,0,6,0%,9.33
php 8.2 match expression docs,0,6,0%,9.5
php exit vs return,0,6,0%,9.5
php break 2 nested loops manual,0,6,0%,9.67
php extra arguments user-defined functions manual,0,6,0%,9.67
php match expression strict comparison manual,0,6,0%,9.67
function arguments in php,0,6,0%,9.83
what does die do in php,0,6,0%,9.83
php string concatenation operator dot official manual,0,6,0%,10
match statement php,0,6,0%,10.17
php __destruct called at end of script manual,0,6,0%,10.33
php double quoted string object property interpolation manual,0,6,0%,10.33
php manual string interpolation object properties double quoted strings,0,6,0%,10.33
php function syntax manual function declaration default function invalid,0,6,0%,10.5
php manual exit language construct stops script execution,0,6,0%,11.17
"php manual destructors __destruct called when object is destroyed or script 
ends",0,6,0%,11.5
php constant naming convention,0,6,0%,12
php class extends constructor,0,6,0%,18
php access object property,0,6,0%,19.33
concat string in php,0,6,0%,20
getter and setter php,0,6,0%,20.17
php class methods,0,6,0%,20.17
__construct php,0,6,0%,20.33
php ... parameter,0,6,0%,20.83
php object,0,6,0%,20.83
php var type,0,6,0%,21.33
php join strings,0,6,0%,21.67
foreach loop php,0,6,0%,22.83
php variable types,0,6,0%,22.83
freelance programmer hourly rate,0,6,0%,23
object in php,0,6,0%,23
indexed array php,0,6,0%,23.17
php interpolation,0,6,0%,23.33
concatenate strings php,0,6,0%,23.67
string append php,0,6,0%,23.67
for loops php,0,6,0%,26.5
concatenate string in php,0,6,0%,31.5
constructor dependency injection,0,6,0%,32.17
php loop through array,0,6,0%,33
how to use xampp for php,0,6,0%,39.67
php end life is,0,6,0%,41.17
anti csrf token,0,6,0%,67.17
"""class a { protected function __construct"" ""class b extends a""",0,5,0%,5.6
php manual arrays indexed associative multidimensional arrays,0,5,0%,6.8
php optional parameter in function,0,5,0%,7
php break statement exits loop not function manual,0,5,0%,8.2
php setter,0,5,0%,8.2
php object operator method call documentation,0,5,0%,8.8
php die manual,0,5,0%,9.4
php extra arguments user-defined function allowed manual,0,5,0%,9.4
php manual array_column objects public properties,0,5,0%,9.4
php manual while do-while loops,0,5,0%,9.6
php __destruct called at script shutdown manual,0,5,0%,10.2
php array is ordered map manual,0,5,0%,10.2
php array ordered map manual,0,5,0%,10.2
php double quoted string object property interpolation documentation,0,5,0%,10.4
php manual constructors cannot return values,0,5,0%,10.6
php fscanf performance slow competitive programming,0,5,0%,10.8
php extra arguments user-defined function ignored,0,5,0%,11
php too many arguments user-defined function allowed,0,5,0%,11.6
"examples of php array functions for basic statistical operations 
-filetype:txt -filetype:pdf -filetype:epub -filetype:doc -filetype:docx 
-filetype:xls -filetype:xlsx -filetype:ppt -filetype:csv -site:youtube.com 
-site:tiktok.com -site:instagram.com -site:ebay.com -site:jd.com 
-site:amazon.com -site:iqiyi.com -site:bilibili.com -site:t.me 
-site:douyin.com -site:douban.com -site:apple.com -site:reddit.com 
-site:researchgate.net -site:academia.edu -site:dokumen.pub 
-site:en.wikipedia.org -site:quora.com -site:sciencedirect.com 
-site:cambridge.org -site:mdpi.com -site:link.springer.com 
-site:zhuanlan.zhihu.com -site:journals.sagepub.com -site:imdb.com 
-site:tandfonline.com -site:onlinelibrary.wiley.com -site:brill.com 
-site:getyourguide.com -site:academic.oup.com -site:www.emerald.com 
-site:eresources.nlb.gov.sg -site:www.govinfo.gov",0,5,0%,13
php function argument,0,5,0%,16.6
php clean architecture,0,5,0%,17.4
php function with arguments,0,5,0%,18
php function as parameter,0,5,0%,18.6
public private protected in php,0,5,0%,20.6
append string php,0,5,0%,22
solid s,0,5,0%,22.8
php constructs,0,5,0%,23.2
parameters php,0,5,0%,23.4
objects in php,0,5,0%,23.6
for loops in php,0,5,0%,24.2
php in object,0,5,0%,24.4
php indexed array,0,5,0%,25
php stop execution,0,5,0%,25.6
combine strings php,0,5,0%,27.2
php classes and objects,0,5,0%,29.4
php do loop,0,5,0%,30.8
php end,0,5,0%,30.8
php fn,0,5,0%,31.2
php die or exit,0,5,0%,33.2
legacy php projekt übernehmen,0,5,0%,38.4
while php loop,0,5,0%,40.6
php with xampp,0,5,0%,41
"difference between & followed by var and vararg in php syntax -filetype:txt 
-filetype:pdf -filetype:epub -filetype:doc -filetype:docx -filetype:xls 
-filetype:xlsx -filetype:ppt -filetype:csv -site:youtube.com 
-site:tiktok.com -site:instagram.com -site:ebay.com -site:jd.com 
-site:amazon.com -site:iqiyi.com -site:bilibili.com -site:t.me 
-site:douyin.com -site:douban.com -site:apple.com -site:reddit.com 
-site:researchgate.net -site:academia.edu -site:dokumen.pub 
-site:en.wikipedia.org -site:quora.com -site:sciencedirect.com 
-site:cambridge.org -site:mdpi.com -site:link.springer.com 
-site:zhuanlan.zhihu.com -site:journals.sagepub.com -site:imdb.com 
-site:tandfonline.com -site:onlinelibrary.wiley.com -site:brill.com 
-site:getyourguide.com -site:academic.oup.com -site:www.emerald.com 
-site:eresources.nlb.gov.sg -site:www.govinfo.gov",0,5,0%,41.8
while statement in php,0,5,0%,44.8
software for php development,0,5,0%,45.8
define php function,0,5,0%,54.2
which choice is an example of a micro goal,0,5,0%,54.8
define function php,0,5,0%,55
disaster recovery for databases,0,5,0%,56.6
db database disaster recovery,0,5,0%,61.6
csrf token meaning,0,5,0%,66.6
database disaster recovery services,0,5,0%,71
how to increase website speed in php,0,5,0%,76
anti csrf tokens,0,5,0%,82.2
match expression in php,0,4,0%,3.25
s solid,0,4,0%,6
die() in php,0,4,0%,6.5
php string interpolation array index inside double quotes $arr[0],0,4,0%,6.5
php heredoc behaves like double-quoted string variable interpolation manual,0,4,0%,7
php competitive programming fscanf performance slow,0,4,0%,7.25
php __dir__ constant manual,0,4,0%,8.25
php match expression introduced version official manual,0,4,0%,8.75
php 8 user-defined function extra arguments allowed manual,0,4,0%,9.25
match case php,0,4,0%,9.75
php destructor called at end of script manual,0,4,0%,9.75
php match expression example,0,4,0%,9.75
postbacktemplateactionbuilder constructor php parameters,0,4,0%,9.75
php match expression introduced version official documentation,0,4,0%,10
php extra arguments user-defined function php 8,0,4,0%,10.25
php manual function declaration syntax default function invalid,0,4,0%,10.25
php extra arguments user-defined functions allowed manual,0,4,0%,10.5
php constructors cannot return values manual,0,4,0%,10.75
php list assignment object property allowed manual,0,4,0%,11
php user-defined function extra arguments ignored php 8,0,4,0%,11
php double quoted strings object property interpolation documentation,0,4,0%,11.25
php encapsulation example,0,4,0%,11.75
php global constants,0,4,0%,11.75
php single quotes variables not interpolated manual,0,4,0%,12
index.php?do=rules,0,4,0%,12.25
php getters setters,0,4,0%,13.75
methods in php,0,4,0%,15.25
disaster recovery in dbms,0,4,0%,16
php define global constant,0,4,0%,16
php exit statement,0,4,0%,16
get set php,0,4,0%,17.75
php 8 match,0,4,0%,18.25
php class constructor array,0,4,0%,18.25
concat php string,0,4,0%,19.25
variable type php,0,4,0%,19.25
php class construct,0,4,0%,19.5
php indexed arrays,0,4,0%,19.75
php nullable parameter,0,4,0%,20.5
array in array php,0,4,0%,22.25
setter php,0,4,0%,22.5
getter setter php,0,4,0%,23.25
string interpolation in php,0,4,0%,23.75
php string concatenate,0,4,0%,24
php add strings,0,4,0%,24.25
what is dependency injection in laravel,0,4,0%,25.25
for loop for php,0,4,0%,26
php array of objects,0,4,0%,26
exit in php,0,4,0%,26.75
how to use foreach loop in php,0,4,0%,27.75
php exit loop,0,4,0%,28.25
declare array in php,0,4,0%,30.5
php inheritance,0,4,0%,31
loop through array php,0,4,0%,31.75
php loop over array,0,4,0%,32
localhost/xampp/splash.php,0,4,0%,32.25
foreach statement in php,0,4,0%,33
quotes php,0,4,0%,33.5
getter php,0,4,0%,33.75
declare an array in php,0,4,0%,40.5
tool profiling,0,4,0%,41.25
php arrays,0,4,0%,49.75
db disaster data recovery,0,4,0%,57.75
csfr token,0,4,0%,58.75
/exit.php?url=,0,4,0%,82.75
php variables and data types,0,3,0%,4.67
"""?->properties['attributes']"" php",0,3,0%,6.33
php extra arguments user-defined function ignored manual,0,3,0%,7.33
php array map trim,0,3,0%,8
php manual extra arguments user-defined function ignored,0,3,0%,8
php manual nowdoc behaves like single quoted string,0,3,0%,8
php __dir__ magic constant directory of file manual,0,3,0%,8.33
php while do while manual,0,3,0%,8.67
php array implementation ordered map manual,0,3,0%,9
php manual multidimensional arrays example,0,3,0%,9
php continue statement manual,0,3,0%,9.33
php continue manual,0,3,0%,9.67
php manual static variables function scope,0,3,0%,9.67
php destructor called when script ends manual,0,3,0%,10
php extra arguments user-defined function php 8 allowed,0,3,0%,10
php fgets default length parameter if omitted,0,3,0%,10
php manual exit language construct terminates script execution,0,3,0%,10
php manual match expression strict comparison,0,3,0%,10
php match expression official docs,0,3,0%,10
"""class parent { protected function __construct"" ""class child extends 
parent"" ""new child""",0,3,0%,10.33
php 8 match expression documentation,0,3,0%,10.33
php function declaration syntax manual default function invalid,0,3,0%,10.33
php match operator,0,3,0%,10.33
php method named empty allowed,0,3,0%,10.67
php __destruct called on script shutdown manual,0,3,0%,11
"php function declaration syntax manual function keyword default function 
invalid",0,3,0%,11.33
php getter,0,3,0%,11.33
php user-defined functions extra arguments ignored manual,0,3,0%,11.33
"which php loop is best when the number of iterations is known? * a) while 
b) do-while c) for d) switch",0,3,0%,11.33
too many arguments user-defined function php 8,0,3,0%,11.67
what is destructor in php,0,3,0%,11.67
php function default parameter,0,3,0%,12.33
indexed array and associative array in php,0,3,0%,12.67
php get object properties,0,3,0%,13.67
concatenation en php,0,3,0%,14
php constructor return value,0,3,0%,14
php for-loop,0,3,0%,15
php function type declaration,0,3,0%,15.33
php class inheritance private,0,3,0%,17
php stop script,0,3,0%,17
constructor en php,0,3,0%,17.67
php exit code,0,3,0%,18
php maintainability,0,3,0%,18
php argument,0,3,0%,18.67
concat php,0,3,0%,19
services symfony,0,3,0%,19
constants php,0,3,0%,19.33
php single vs double quotes,0,3,0%,19.67
"how to concatenate variables into php string output within a function? 
-filetype:txt -filetype:pdf -filetype:epub -filetype:doc -filetype:docx 
-filetype:xls -filetype:xlsx -filetype:ppt -filetype:csv -site:youtube.com 
-site:tiktok.com -site:instagram.com -site:ebay.com -site:jd.com 
-site:amazon.com -site:iqiyi.com -site:bilibili.com -site:t.me 
-site:douyin.com -site:douban.com -site:apple.com -site:reddit.com 
-site:researchgate.net -site:academia.edu -site:dokumen.pub 
-site:en.wikipedia.org -site:quora.com -site:sciencedirect.com 
-site:cambridge.org -site:mdpi.com -site:link.springer.com 
-site:zhuanlan.zhihu.com -site:journals.sagepub.com -site:imdb.com 
-site:tandfonline.com -site:onlinelibrary.wiley.com -site:brill.com 
-site:getyourguide.com -site:academic.oup.com -site:www.emerald.com 
-site:eresources.nlb.gov.sg -site:www.govinfo.gov",0,3,0%,20
numeric array in php,0,3,0%,20
add to string php,0,3,0%,20.33
php private vs protected,0,3,0%,20.67
php oop class,0,3,0%,21.33
string append in php,0,3,0%,21.67
container service symfony,0,3,0%,22
end php,0,3,0%,22
php indexing,0,3,0%,22
__construct in php,0,3,0%,22.33
array value php,0,3,0%,22.33
concat in php,0,3,0%,22.67
php for i loop,0,3,0%,22.67
php add property to object,0,3,0%,23
concatenating strings in php,0,3,0%,24.67
php adding strings,0,3,0%,26
php performance optimalisatie,0,3,0%,26
php foreach array,0,3,0%,26.33
php-di,0,3,0%,26.67
php for in loop,0,3,0%,27
variable type in php,0,3,0%,27
array index php,0,3,0%,27.33
php di,0,3,0%,27.33
php for loop example,0,3,0%,27.33
array foreach php,0,3,0%,27.67
what is object in php,0,3,0%,27.67
php join string,0,3,0%,32
array declaration in php,0,3,0%,32.67
constructor and destructor in oop,0,3,0%,33.33
i in solid principles,0,3,0%,33.67
foreach loop syntax in php,0,3,0%,38
php arrays functions,0,3,0%,38
install xampp,0,3,0%,38.33
php loop through an array,0,3,0%,38.67
freelance developer rates,0,3,0%,39.33
quote php,0,3,0%,44.33
profiler tools,0,3,0%,44.67
php enum get value,0,3,0%,45.33
php typed,0,3,0%,45.33
php optimization,0,3,0%,45.67
php łączenie stringów,0,3,0%,46.67
php function definition,0,3,0%,47.33
how does csrf token work,0,3,0%,49.33
php array define,0,3,0%,49.33
use of csrf token,0,3,0%,50.33
how do csrf tokens work,0,3,0%,53
legacy php,0,3,0%,55
legacy php systeem refactoren,0,3,0%,56.33
magic quotes php,0,3,0%,58.33
define function in php,0,3,0%,60.33
database disaster,0,3,0%,62.67
csrf token example,0,3,0%,66.67
disaster recovery data,0,3,0%,87
difference between single quotes and double quotes in php,0,2,0%,1
disaster recovery planning in dbms,0,2,0%,1
"in php you can use both single quotes ( ' ' ) and double quotes ( "" "" ) for 
strings:",0,2,0%,1
the letter s,0,2,0%,2.5
encapsulation in php public private protected,0,2,0%,4.5
php fastcgi_finish_request continues executing script after response,0,2,0%,4.5
php heredoc behaves like double quoted string manual,0,2,0%,4.5
php string interpolation array index $arr[$i],0,2,0%,5
php arrays ordered map official manual,0,2,0%,6
php double quoted string array index interpolation $arr[0],0,2,0%,6
php manual arrays indexed associative multidimensional,0,2,0%,6
match function php,0,2,0%,6.5
optional argument,0,2,0%,6.5
php static arrow function,0,2,0%,7
php 8.2 match expression manual,0,2,0%,7.5
php getters,0,2,0%,7.5
"php foreach array destructuring syntax foreach ($array as [$a, $b])",0,2,0%,8
php string interpolation object property curly braces manual,0,2,0%,8
php constructor __construct manual,0,2,0%,8.5
php extra arguments user-defined function ignored php 8 manual,0,2,0%,8.5
php manual break 2 nested loops,0,2,0%,8.5
php manual die alias exit,0,2,0%,8.5
php osztályok setter getter,0,2,0%,8.5
php 8 fgets default length optional parameter,0,2,0%,9
php array_fill same reference for arrays,0,2,0%,9
php array_map preserves keys one array manual,0,2,0%,9
php foreach array destructuring supported php 8.0 manual,0,2,0%,9
php return statement in void function return null allowed,0,2,0%,9
php 8 too many arguments user-defined function extra arguments allowed,0,2,0%,9.5
"php double quoted strings object property interpolation curly braces 
documentation",0,2,0%,9.5
php function declaration syntax default function invalid php manual,0,2,0%,9.5
php inf constant -inf,0,2,0%,9.5
php manual arrays multidimensional arrays example,0,2,0%,9.5
php string interpolation array index inside double quotes $arr[1],0,2,0%,9.5
"""class a { protected function __construct()"" ""class b extends a""",0,2,0%,10
match expression php,0,2,0%,10
php default value,0,2,0%,10
php for endfor,0,2,0%,10
php match expression official documentation,0,2,0%,10
php match expression uses strict comparison === manual,0,2,0%,10
php_eol means,0,2,0%,10
"""class a { protected function __construct"" ""class b extends a"" ""new b();""",0,2,0%,10.5
__destruct php,0,2,0%,10.5
php 8 too many arguments user-defined function extra args allowed,0,2,0%,10.5
php arrays are ordered maps official manual,0,2,0%,10.5
php fgets default length if second parameter omitted,0,2,0%,10.5
php function argument types,0,2,0%,10.5
php function syntax manual function keyword default function invalid,0,2,0%,10.5
php manual arrays ordered map associative indexed multidimensional,0,2,0%,10.5
php match expression syntax,0,2,0%,10.5
php string concatenation operator manual,0,2,0%,10.5
php typed properties manual,0,2,0%,10.5
symfony container,0,2,0%,10.5
"""class parent { protected function __construct"" ""class child extends parent""",0,2,0%,11
match en php,0,2,0%,11
php deg2rad null argument behavior,0,2,0%,11
php manual break 2 exits nested loops,0,2,0%,11
php manual parent::__construct constructor inheritance,0,2,0%,11
php private protected public,0,2,0%,11
php 8 extra arguments user-defined function ignored,0,2,0%,11.5
php array_map vs foreach,0,2,0%,12
php match expression introduced in php 8 official docs,0,2,0%,12
php match expression introduced php 8 official docs,0,2,0%,12
php interface constructor,0,2,0%,12.5
php default parameters,0,2,0%,14
concat strings php,0,2,0%,14.5
php constructor parameters,0,2,0%,15.5
php switch vs match,0,2,0%,15.5
php stop,0,2,0%,16
"why use an associative array to store sorted element indices in php? 
-filetype:txt -filetype:pdf -filetype:epub -filetype:doc -filetype:docx 
-filetype:xls -filetype:xlsx -filetype:ppt -filetype:csv -site:youtube.com 
-site:tiktok.com -site:instagram.com -site:ebay.com -site:jd.com 
-site:amazon.com -site:iqiyi.com -site:bilibili.com -site:t.me 
-site:douyin.com -site:douban.com -site:apple.com -site:reddit.com 
-site:researchgate.net -site:academia.edu -site:dokumen.pub 
-site:en.wikipedia.org -site:quora.com -site:sciencedirect.com 
-site:cambridge.org -site:mdpi.com -site:link.springer.com 
-site:zhuanlan.zhihu.com -site:journals.sagepub.com -site:imdb.com 
-site:tandfonline.com -site:onlinelibrary.wiley.com -site:brill.com 
-site:getyourguide.com -site:academic.oup.com -site:www.emerald.com 
-site:eresources.nlb.gov.sg -site:www.govinfo.gov",0,2,0%,16
exit vs die php,0,2,0%,16.5
php array of arrays foreach,0,2,0%,16.5
php arrays foreach,0,2,0%,16.5
php param,0,2,0%,17
php array map,0,2,0%,17.5
extends in php,0,2,0%,18
php enum cases,0,2,0%,18.5
do php,0,2,0%,19.5
"how to retrieve properties of an object using php functions -filetype:txt 
-filetype:pdf -filetype:epub -filetype:doc -filetype:docx -filetype:xls 
-filetype:xlsx -filetype:ppt -filetype:csv -site:youtube.com 
-site:tiktok.com -site:instagram.com -site:ebay.com -site:jd.com 
-site:amazon.com -site:iqiyi.com -site:bilibili.com -site:t.me 
-site:douyin.com -site:douban.com -site:apple.com -site:reddit.com 
-site:researchgate.net -site:academia.edu -site:dokumen.pub 
-site:en.wikipedia.org -site:quora.com -site:sciencedirect.com 
-site:cambridge.org -site:mdpi.com -site:link.springer.com 
-site:zhuanlan.zhihu.com -site:journals.sagepub.com -site:imdb.com 
-site:tandfonline.com -site:onlinelibrary.wiley.com -site:brill.com 
-site:getyourguide.com -site:academic.oup.com -site:www.emerald.com 
-site:eresources.nlb.gov.sg -site:www.govinfo.gov",0,2,0%,19.5
how to concatenate strings in php,0,2,0%,20
str concat php,0,2,0%,20
function parameter php,0,2,0%,20.5
php constant class,0,2,0%,20.5
php variable type class,0,2,0%,21
php concatenate variables,0,2,0%,22
class constant php,0,2,0%,22.5
array inside array php,0,2,0%,23
php constants,0,2,0%,23
class constants php,0,2,0%,23.5
concatenare stringhe php,0,2,0%,23.5
php types of variables,0,2,0%,23.5
polymorphism php,0,2,0%,23.5
match php 8,0,2,0%,24.5
php for loop syntax,0,2,0%,24.5
php in_array multidimensional,0,2,0%,24.5
classes and objects in php,0,2,0%,25
constant in php class,0,2,0%,25
"how to handle mixed data types and return nullable strings in php 
functions? -filetype:txt -filetype:pdf -filetype:epub -filetype:doc 
-filetype:docx -filetype:xls -filetype:xlsx -filetype:ppt -filetype:csv 
-site:youtube.com -site:tiktok.com -site:instagram.com -site:ebay.com 
-site:jd.com -site:amazon.com -site:iqiyi.com -site:bilibili.com -site:t.me 
-site:douyin.com -site:douban.com -site:apple.com -site:reddit.com 
-site:researchgate.net -site:academia.edu -site:dokumen.pub 
-site:en.wikipedia.org -site:quora.com -site:sciencedirect.com 
-site:cambridge.org -site:mdpi.com -site:link.springer.com 
-site:zhuanlan.zhihu.com -site:journals.sagepub.com -site:imdb.com 
-site:tandfonline.com -site:onlinelibrary.wiley.com -site:brill.com 
-site:getyourguide.com -site:academic.oup.com -site:www.emerald.com 
-site:eresources.nlb.gov.sg -site:www.govinfo.gov",0,2,0%,25
iteration php,0,2,0%,25
micro goals,0,2,0%,25
php single quote vs double quote,0,2,0%,25
array value in php,0,2,0%,25.5
multidimensional associative array in php,0,2,0%,25.5
php destroy object,0,2,0%,25.5
constants in php,0,2,0%,26
foreach exit php,0,2,0%,26
what is die in php,0,2,0%,26
object data type in php,0,2,0%,26.5
xampp environment variables path,0,2,0%,26.5
php foreach syntax,0,2,0%,28
how to stay focused during long coding sessions,0,2,0%,28.5
php exit while loop,0,2,0%,28.5
dependency injection constructor,0,2,0%,29
php @property,0,2,0%,29.5
die en php,0,2,0%,30
php loop through array of objects,0,2,0%,30
constructors php,0,2,0%,30.5
php exit for,0,2,0%,30.5
php class inheritance,0,2,0%,31
php scope function,0,2,0%,31.5
php for each loop,0,2,0%,32
php for in array,0,2,0%,32.5
php exit while,0,2,0%,33
xampp where to put php files,0,2,0%,33
array map php,0,2,0%,33.5
php while loop example,0,2,0%,35
how much do freelance programmers make,0,2,0%,36
php iterate through array,0,2,0%,36.5
php exit function,0,2,0%,37
array_walk,0,2,0%,38
destructeur php,0,2,0%,38
array en php,0,2,0%,38.5
php array foreach,0,2,0%,38.5
php while continue,0,2,0%,39
tools for php development,0,2,0%,39.5
declare new array php,0,2,0%,40
how to declare array in php,0,2,0%,40
software profiling tools,0,2,0%,40.5
freelance software developer rates,0,2,0%,41
php array methods,0,2,0%,41
xampp installation,0,2,0%,41
array methods in php,0,2,0%,41.5
php define array,0,2,0%,41.5
define array php,0,2,0%,42
how csrf token works,0,2,0%,43
php string double quote,0,2,0%,43.5
while loops in php,0,2,0%,43.5
freelance developer hourly rate,0,2,0%,45
php while break,0,2,0%,45.5
php function declaration,0,2,0%,48.5
php optimization tools,0,2,0%,49.5
define php array,0,2,0%,50
function definition in php,0,2,0%,51
how to use xampp for php and mysql,0,2,0%,51
php loops,0,2,0%,51.5
inurl:php?id=1 site:com,0,2,0%,53
php security,0,2,0%,54
hourly rate for freelance software developer,0,2,0%,55
define array in php,0,2,0%,60.5
security in php,0,2,0%,60.5
define an array in php,0,2,0%,61
improve php performance,0,2,0%,62
csrf token.,0,2,0%,63.5
how to generate csrf token,0,2,0%,67
reprise code php legacy,0,2,0%,68
anti-csrf tokens,0,2,0%,75.5
csrf token vulnerability,0,2,0%,83.5
($,0,1,0%,1
"1. pengertian enkapsulasi 2. manfaat / fungsi enkapsulasi 3. contoh kode 
program enkapsulasi menggunakan php 4. kesimpulan menurut diri sendiri 5. 
semua materi tentang enkapsulasi harus disertakan nama penulisnya. atau 
sumber dari materinya",0,1,0%,1
constructor injection vs autowired,0,1,0%,1
difference between actual and formal parameters in php,0,1,0%,1
for loop syntax in php,0,1,0%,1
getters and setters,0,1,0%,1
is s a solid,0,1,0%,1
match manual,0,1,0%,1
"minimum how many times the while loop can continue: num=1 while [ $num -le 
5 ] do echo ""enter a number:"" read var if [ $var -lt 0 ] then break fi 
num=`expr $num + 1` done 2 points 5 4 1 0",0,1,0%,1
what is s in oops,0,1,0%,1
when to use single quotes,0,1,0%,1
while loop explain,0,1,0%,1
loops php,0,1,0%,2
match function in php,0,1,0%,2
php 8 match expression,0,1,0%,2
php double quoted string array index interpolation $arr[$i],0,1,0%,2
php type function,0,1,0%,2
php array memory overhead per element source,0,1,0%,3
php method,0,1,0%,3
rxample,0,1,0%,3
simple example,0,1,0%,3
"""array_fill(0, 3, array_fill(0, 3, 0))"" same reference",0,1,0%,4
in php,0,1,0%,4
php protected constructor child class new,0,1,0%,4
php string interpolation function call,0,1,0%,4
xampp includes apache php mariadb official,0,1,0%,4
do while,0,1,0%,5
htdocs,0,1,0%,5
php interface constants accessed via implementing class,0,1,0%,5
php protected constructor new child class,0,1,0%,5
types?,0,1,0%,5
"""class parentclass { protected function __construct()"" ""class childclass 
extends parentclass""",0,1,0%,6
performance wise,0,1,0%,6
php destructor example,0,1,0%,6
php fastcgi_finish_request continue executing script after response,0,1,0%,6
php fgets length optional parameter default,0,1,0%,6
php nowdoc behaves like single-quoted string,0,1,0%,6
php while loop return exits function php manual,0,1,0%,6
конструктор php,0,1,0%,6
"""$obj->classname::method"" php syntax",0,1,0%,7
php closure use undefined variable by reference allowed,0,1,0%,7
php declare strict_types explanation,0,1,0%,7
php manual ceil returns float,0,1,0%,7
php manual match expression php 8 documentation,0,1,0%,7
php void function used in expression returns null,0,1,0%,7
exit or die,0,1,0%,8
localhost/xampp/htdocs/myproject,0,1,0%,8
php 8 match expression syntax,0,1,0%,8
php array iteration order insertion order manual,0,1,0%,8
php code refactoring best practices,0,1,0%,8
php fscanf competitive programming too slow,0,1,0%,8
php include inherits variable scope manual,0,1,0%,8
php manual match expression official docs,0,1,0%,8
php manual match expression php 8 official,0,1,0%,8
php manual variable scope global static variables,0,1,0%,8
php match expression introduced php 8 documentation,0,1,0%,8
php match expression official manual,0,1,0%,8
php match multiple conditions,0,1,0%,8
solid i,0,1,0%,8
while true php,0,1,0%,8
continue in php,0,1,0%,9
how do i use it,0,1,0%,9
php __destruct called when script ends manual,0,1,0%,9
php const array,0,1,0%,9
php count object properties,0,1,0%,9
php default function syntax invalid,0,1,0%,9
php die exit,0,1,0%,9
php extra arguments user-defined function ignored php 8,0,1,0%,9
php for loop syntax php manual,0,1,0%,9
php interface implementation additional optional parameters allowed manual,0,1,0%,9
php manual __destruct script shutdown,0,1,0%,9
php manual arrays indexed associative arrays numeric keys string keys,0,1,0%,9
php manual exit terminates script,0,1,0%,9
php match expression manual official,0,1,0%,9
php string concatenation operator . manual,0,1,0%,9
php string concatenation operator manual official,0,1,0%,9
php typed properties introduced 7.4 manual,0,1,0%,9
return match php,0,1,0%,9
"""cannot return from constructor"" php",0,1,0%,10
"""class a { protected function __construct"" ""class b extends a"" ""new b""",0,1,0%,10
construct and destruct,0,1,0%,10
die vs exit php,0,1,0%,10
php 8.2 backed enum case value constant scalar expression,0,1,0%,10
php __dir__ manual magic constants,0,1,0%,10
php anonymous functions use external variables manual,0,1,0%,10
php array_column objects public properties,0,1,0%,10
php arrays ordered map manual,0,1,0%,10
php constructor cannot return value official manual,0,1,0%,10
php constructors inheritance parent::__construct manual,0,1,0%,10
php constructors parent::__construct manual,0,1,0%,10
"php double quoted string object property interpolation 
$this->loan->prepaid_taxes_months docs",0,1,0%,10
php exit inside for loop stops after first iteration,0,1,0%,10
php extra arguments user defined function allowed php 8,0,1,0%,10
php extra arguments user-defined function warning php 8,0,1,0%,10
php extra arguments user-defined functions ignored,0,1,0%,10
php extra arguments user-defined functions warning,0,1,0%,10
php foreach syntax manual,0,1,0%,10
php magic constants __dir__ manual,0,1,0%,10
php match expression introduced in php 8.0 official manual,0,1,0%,10
php return statement in void function return; vs return expression,0,1,0%,10
php single quoted strings escape sequences only \\ and \',0,1,0%,10
php string operators concatenation dot operator manual,0,1,0%,10
php user-defined function extra arguments ignored php 8 manual,0,1,0%,10
when was match expression introduced in php,0,1,0%,10
when was match expression introduced in php?,0,1,0%,10
"""call to protected parentclass::__construct() from global scope"" php",0,1,0%,11
die and exit in php,0,1,0%,11
function in php,0,1,0%,11
php 8 too many arguments user-defined function allowed,0,1,0%,11
php __construct return value,0,1,0%,11
php __dir__ magic constant directory of the file manual,0,1,0%,11
php array operations,0,1,0%,11
php associative array nested arrays syntax manual,0,1,0%,11
php competitive programming fscanf slow input performance,0,1,0%,11
php constructor return value ignored,0,1,0%,11
php default parameter value,0,1,0%,11
php double quoted string array index $arr[0] interpolation,0,1,0%,11
php enum case naming convention,0,1,0%,11
php enum naming convention,0,1,0%,11
php extra arguments user-defined function allowed documentation,0,1,0%,11
php extra arguments user-defined function behavior,0,1,0%,11
php extra arguments user-defined function ignored documentation,0,1,0%,11
php for i,0,1,0%,11
php for loop syntax official documentation,0,1,0%,11
"php foreach ($array as [$a, $b]) destructuring",0,1,0%,11
php function argument type,0,1,0%,11